﻿<?xml version="1.0" encoding="utf-8" standalone="yes"?>
<CharacterInfo>
  <Character>
    <Name>디자이너</Name>
    <MainStat>30</MainStat>
    <SubStat>20</SubStat>
    <EtcStat>10</EtcStat>
    <Form>왜소</Form>
  </Character>
  <Character>
    <Name>조선공</Name>
    <MainStat>30</MainStat>
    <SubStat>20</SubStat>
    <EtcStat>10</EtcStat>
    <Form>보통</Form>
  </Character>
  <Character>
    <Name>요리사</Name>
    <MainStat>30</MainStat>
    <SubStat>20</SubStat>
    <EtcStat>10</EtcStat>
    <Form>비만</Form>
  </Character>
  <Character>
    <Name>낚시꾼</Name>
    <MainStat>30</MainStat>
    <SubStat>20</SubStat>
    <EtcStat>10</EtcStat>
    <Form>비만</Form>
  </Character>
  <Character>
    <Name>농부</Name>
    <MainStat>30</MainStat>
    <SubStat>20</SubStat>
    <EtcStat>10</EtcStat>
    <Form>비만</Form>
  </Character>
  <Character>
    <Name>건축가</Name>
    <MainStat>30</MainStat>
    <SubStat>20</SubStat>
    <EtcStat>10</EtcStat>
    <Form>보통</Form>
  </Character>
  <Character>
    <Name>공학자</Name>
    <MainStat>30</MainStat>
    <SubStat>20</SubStat>
    <EtcStat>10</EtcStat>
    <Form>왜소</Form>
  </Character>
  <Character>
    <Name>군인</Name>
    <MainStat>20</MainStat>
    <SubStat>20</SubStat>
    <EtcStat>20</EtcStat>
    <Form>보통</Form>
  </Character>
  <Character>
    <Name>의사</Name>
    <MainStat>30</MainStat>
    <SubStat>20</SubStat>
    <EtcStat>10</EtcStat>
    <Form>왜소</Form>
  </Character>
  <Character>
    <Name>산적</Name>
    <MainStat>30</MainStat>
    <SubStat>20</SubStat>
    <EtcStat>10</EtcStat>
    <Form>보통</Form>
  </Character>
  <Character>
    <Name>음악가</Name>
    <MainStat>30</MainStat>
    <SubStat>20</SubStat>
    <EtcStat>10</EtcStat>
    <Form>보통</Form>
  </Character>
  <Character>
    <Name>미술가</Name>
    <MainStat>30</MainStat>
    <SubStat>20</SubStat>
    <EtcStat>10</EtcStat>
    <Form>보통</Form>
  </Character>
  <Character>
    <Name>마법사</Name>
    <MainStat>30</MainStat>
    <SubStat>20</SubStat>
    <EtcStat>10</EtcStat>
    <Form>보통</Form>
  </Character>
</CharacterInfo>