<?xml version="1.0" encoding="utf-8"?>
<MaterialInfo xmlns:xsi="http://www.w3.org/2001/XMLSchema-instance" xmlns:xsd="http://www.w3.org/2001/XMLSchema">
  <Material>
    <Name>옷재료</Name>
    <Count>0</Count>
    <Text>옷을 만드는데에 사용됩니다. 1개당 10의 일을 합니다.</Text>
  </Material>
  <Material>
    <Name>배재료</Name>
    <Count>0</Count>
    <Text>배을 만드는데에 사용됩니다. 1개당 10의 일을 합니다.</Text>
  </Material>
  <Material>
    <Name>미끼</Name>
    <Count>0</Count>
    <Text>낚시를 하는데에 사용됩니다. (낚시하기)능력치 10당 미끼를 1개를 사용할 수 있습니다.</Text>
  </Material>
  <Material>
    <Name>씨앗</Name>
    <Count>0</Count>
    <Text>쌀을 수확하는데에 사용됩니다. (농사하기)능력치 10당 씨앗 1개를 심을 수 있습니다.</Text>
  </Material>
  <Material>
    <Name>집재료</Name>
    <Count>0</Count>
    <Text>집을 만드는데에 사용됩니다. 1개당 10의 일을 합니다.</Text>
  </Material>
  <Material>
    <Name>통신장치재료</Name>
    <Count>0</Count>
    <Text>통신장치을 만드는데에 사용됩니다. 1개당 10의 일을 합니다.</Text>
  </Material>
  <Material>
    <Name>약재료</Name>
    <Count>0</Count>
    <Text>약을 만드는데에 사용됩니다. 5개로 약을 하나 만듭니다.</Text>
  </Material>
</MaterialInfo>