[
  {
    "Name": 1,
    "Work1":30,
    "Work2":10,
    "Work3":20,
    "Work4":10,
    "Work5":10,
    "Work6":10,
    "Work7":10,
    "Work8":10,
    "Work9":10,
    "Work10":20,
    "Form": 10
  },
  {
    "Name": 2,
    "Work1": 10,
    "Work2": 30,
    "Work3": 10,
    "Work4": 20,
    "Work5": 10,
    "Work6": 10,
    "Work7": 10,
    "Work8": 10,
    "Work9": 10,
    "Work10": 20,
    "Form": 15
  },
  {
    "Name": 3,
    "Work1": 10,
    "Work2": 10,
    "Work3": 30,
    "Work4": 10,
    "Work5": 20,
    "Work6": 10,
    "Work7": 10,
    "Work8": 10,
    "Work9": 10,
    "Work10": 20,
    "Form": 20
  },
  {
    "Name": 4,
    "Work1": 10,
    "Work2": 20,
    "Work3": 10,
    "Work4": 30,
    "Work5": 10,
    "Work6": 10,
    "Work7": 10,
    "Work8": 10,
    "Work9": 10,
    "Work10": 20,
    "Form": 20
  },
  {
    "Name": 5,
    "Work1": 10,
    "Work2": 10,
    "Work3": 10,
    "Work4": 10,
    "Work5": 30,
    "Work6": 10,
    "Work7": 10,
    "Work8": 10,
    "Work9": 20,
    "Work10": 20,
    "Form": 20
  },
  {
    "Name": 6,
    "Work1": 20,
    "Work2": 10,
    "Work3": 10,
    "Work4": 10,
    "Work5": 10,
    "Work6": 30,
    "Work7": 10,
    "Work8": 10,
    "Work9": 10,
    "Work10": 20,
    "Form": 15
  },
  {
    "Name": 7,
    "Work1": 10,
    "Work2": 10,
    "Work3": 10,
    "Work4": 10,
    "Work5": 10,
    "Work6": 10,
    "Work7": 30,
    "Work8": 20,
    "Work9": 10,
    "Work10": 20,
    "Form": 10
  },
  {
    "Name": 8,
    "Work1": 10,
    "Work2": 10,
    "Work3": 10,
    "Work4": 10,
    "Work5": 10,
    "Work6": 10,
    "Work7": 20,
    "Work8": 30,
    "Work9": 10,
    "Work10": 20,
    "Form": 15
  },
  {
    "Name": 9,
    "Work1": 10,
    "Work2": 10,
    "Work3": 10,
    "Work4": 10,
    "Work5": 10,
    "Work6": 20,
    "Work7": 10,
    "Work8": 10,
    "Work9": 30,
    "Work10": 20,
    "Form": 10
  },
  {
    "Name": 10,
    "Work1": 20,
    "Work2": 20,
    "Work3": 20,
    "Work4": 20,
    "Work5": 20,
    "Work6": 20,
    "Work7": 20,
    "Work8": 20,
    "Work9": 20,
    "Work10": 20,
    "Form": 15
  }
]