[{"tf":{"WhaleTF":true,"BottleTF":true,"EngineTF":true,"ShipTF":true,"MerTF":true,"HeroTF":true,"DreamTF":true,"WingTF":false,"RainBowTF":true,"TimeTF":false,"SpaceTF":false,"IceTF":true,"LeafTF":true,"EagleTF":true},"p":{"WhaleP":0,"BottleP":0,"EngineP":0,"ShipP":0,"MerP":0,"HeroP":0,"DreamP":0,"WingP":0,"RainBowP":0,"TimeP":0,"SpaceP":0,"IceP":0,"LeafP":0,"EagleP":0},"day":{"WhaleDay":0,"BottleDay":0,"EngineDay":0,"ShipDay":0,"MerDay":0,"HeroDay":0,"DreamDay":0,"WingDay":0,"RainBowDay":0,"TimeDay":0,"SpaceDay":0,"IceDay":0,"LeafDay":0,"EagleDay":0}}]