﻿<?xml version="1.0" encoding="utf-8" standalone="yes"?>
<Quest>
  <Quest1>
    <Name>탈출의 초보</Name>
    <Reward>20</Reward>
  </Quest1>
  <Quest1>
    <Name>탈출 마스터</Name>
    <Reward>200</Reward>
  </Quest1>
  <Quest1>
    <Name>구조대</Name>
    <Reward>100</Reward>
  </Quest1>
  <Quest1>
    <Name>난파된 구조대</Name>
    <Reward>10</Reward>
  </Quest1>
  <Quest1>
    <Name>양심인</Name>
    <Reward>20</Reward>
  </Quest1>
  <Quest1>
    <Name>비양심인</Name>
    <Reward>10</Reward>
  </Quest1>
  <Quest1>
    <Name>구조대?</Name>
    <Reward>10</Reward>
  </Quest1>
  <Quest1>
    <Name>나는야 미술가</Name>
    <Reward>10</Reward>
  </Quest1>
  <Quest1>
    <Name>나는야 음악가</Name>
    <Reward>10</Reward>
  </Quest1>
  <Quest1>
    <Name>나는야 마법사</Name>
    <Reward>10</Reward>
  </Quest1>
  <Quest1>
    <Name>말라꺵이</Name>
    <Reward>20</Reward>
  </Quest1>
  <Quest1>
    <Name>돼지우리</Name>
    <Reward>20</Reward>
  </Quest1>
  <Quest1>
    <Name>사람의 흔적</Name>
    <Reward>20</Reward>
  </Quest1>
  <Quest1>
    <Name>무언가의 습격</Name>
    <Reward>10</Reward>
  </Quest1>
  <Quest1>
    <Name>해적과의 조우</Name>
    <Reward>10</Reward>
  </Quest1>
  <Quest3>
    <Name>탈출의 고수</Name>
    <Reward1>20</Reward1>
    <Reward2>50</Reward2>
    <Reward3>100</Reward3>
  </Quest3>
  <Quest3>
    <Name>허무한 끝</Name>
    <Reward1>20</Reward1>
    <Reward2>40</Reward2>
    <Reward3>50</Reward3>
  </Quest3>
  <Quest3>
    <Name>설인</Name>
    <Reward1>5</Reward1>
    <Reward2>10</Reward2>
    <Reward3>20</Reward3>
  </Quest3>
  <Quest3>
    <Name>타잔</Name>
    <Reward1>5</Reward1>
    <Reward2>10</Reward2>
    <Reward3>20</Reward3>
  </Quest3>
  <Quest3>
    <Name>탐험가</Name>
    <Reward1>10</Reward1>
    <Reward2>20</Reward2>
    <Reward3>50</Reward3>
  </Quest3>
  <Quest3>
    <Name>당신은 흡사 동물?</Name>
    <Reward1>10</Reward1>
    <Reward2>20</Reward2>
    <Reward3>40</Reward3>
  </Quest3>
  <Quest3>
    <Name>무인도에 살았다</Name>
    <Reward1>5</Reward1>
    <Reward2>20</Reward2>
    <Reward3>100</Reward3>
  </Quest3>
  <Quest3>
    <Name>나는야 디자이너</Name>
    <Reward1>10</Reward1>
    <Reward2>30</Reward2>
    <Reward3>50</Reward3>
  </Quest3>
  <Quest3>
    <Name>디자이너 마스터</Name>
    <Reward1>10</Reward1>
    <Reward2>30</Reward2>
    <Reward3>50</Reward3>
  </Quest3>
  <Quest3>
    <Name>나는야 조선공</Name>
    <Reward1>10</Reward1>
    <Reward2>30</Reward2>
    <Reward3>50</Reward3>
  </Quest3>
  <Quest3>
    <Name>조선공 마스터</Name>
    <Reward1>10</Reward1>
    <Reward2>30</Reward2>
    <Reward3>50</Reward3>
  </Quest3>
  <Quest3>
    <Name>나는야 요리사</Name>
    <Reward1>10</Reward1>
    <Reward2>30</Reward2>
    <Reward3>50</Reward3>
  </Quest3>
  <Quest3>
    <Name>요리사 마스터</Name>
    <Reward1>10</Reward1>
    <Reward2>30</Reward2>
    <Reward3>50</Reward3>
  </Quest3>
  <Quest3>
    <Name>나는야 낚시꾼</Name>
    <Reward1>10</Reward1>
    <Reward2>30</Reward2>
    <Reward3>50</Reward3>
  </Quest3>
  <Quest3>
    <Name>낚시꾼 마스터</Name>
    <Reward1>10</Reward1>
    <Reward2>30</Reward2>
    <Reward3>50</Reward3>
  </Quest3>
  <Quest3>
    <Name>나는야 농부</Name>
    <Reward1>10</Reward1>
    <Reward2>30</Reward2>
    <Reward3>50</Reward3>
  </Quest3>
  <Quest3>
    <Name>농부 마스터</Name>
    <Reward1>10</Reward1>
    <Reward2>30</Reward2>
    <Reward3>50</Reward3>
  </Quest3>
  <Quest3>
    <Name>나는야 건축가</Name>
    <Reward1>10</Reward1>
    <Reward2>30</Reward2>
    <Reward3>50</Reward3>
  </Quest3>
  <Quest3>
    <Name>건축가 마스터</Name>
    <Reward1>10</Reward1>
    <Reward2>30</Reward2>
    <Reward3>50</Reward3>
  </Quest3>
  <Quest3>
    <Name>나는야 공학자</Name>
    <Reward1>10</Reward1>
    <Reward2>30</Reward2>
    <Reward3>50</Reward3>
  </Quest3>
  <Quest3>
    <Name>공학자 마스터</Name>
    <Reward1>10</Reward1>
    <Reward2>30</Reward2>
    <Reward3>50</Reward3>
  </Quest3>
  <Quest3>
    <Name>나는야 의사</Name>
    <Reward1>10</Reward1>
    <Reward2>30</Reward2>
    <Reward3>50</Reward3>
  </Quest3>
  <Quest3>
    <Name>의사 마스터</Name>
    <Reward1>10</Reward1>
    <Reward2>30</Reward2>
    <Reward3>50</Reward3>
  </Quest3>
  <Quest3>
    <Name>나는야 산적</Name>
    <Reward1>10</Reward1>
    <Reward2>30</Reward2>
    <Reward3>50</Reward3>
  </Quest3>
  <Quest3>
    <Name>산적 마스터</Name>
    <Reward1>10</Reward1>
    <Reward2>30</Reward2>
    <Reward3>50</Reward3>
  </Quest3>
  <Quest3>
    <Name>나약한 자</Name>
    <Reward1>5</Reward1>
    <Reward2>10</Reward2>
    <Reward3>20</Reward3>
  </Quest3>
  <Quest3>
    <Name>사망의 고수</Name>
    <Reward1>5</Reward1>
    <Reward2>10</Reward2>
    <Reward3>20</Reward3>
  </Quest3>
  <Quest3>
    <Name>합성자</Name>
    <Reward1>5</Reward1>
    <Reward2>10</Reward2>
    <Reward3>20</Reward3>
  </Quest3>
  <Quest3>
    <Name>살기위해 먹는다</Name>
    <Reward1>10</Reward1>
    <Reward2>30</Reward2>
    <Reward3>50</Reward3>
  </Quest3>
  <Quest3>
    <Name>게으름뱅이</Name>
    <Reward1>5</Reward1>
    <Reward2>10</Reward2>
    <Reward3>20</Reward3>
  </Quest3>
  <Quest3>
    <Name>식량창고</Name>
    <Reward1>10</Reward1>
    <Reward2>30</Reward2>
    <Reward3>50</Reward3>
  </Quest3>
  <Quest3>
    <Name>통신장치 마스터</Name>
    <Reward1>10</Reward1>
    <Reward2>50</Reward2>
    <Reward3>100</Reward3>
  </Quest3>
  <Quest3>
    <Name>배 탈출 마스터</Name>
    <Reward1>10</Reward1>
    <Reward2>50</Reward2>
    <Reward3>100</Reward3>
  </Quest3>
</Quest>