﻿<?xml version="1.0" encoding="utf-8" standalone="yes"?>
<Money>
  <Wallet>
    <SelectPopup>저는 밥도 많이 안먹고요... 옷도 만들 수 있어요... 옷이 없다면 병에 잘 걸리지 않을까요..?
저를 선택해주시면 좋겠어요...=_=...
(능력치에 따라 옷을 만드는 일률이 달라집니다)</SelectPopup>
  </Wallet>
  <Wallet>
    <SelectPopup>나는 배를 잘 만든다네!! 나를 선택한다면 배를 만들어서 탈출을 할 수도 있고 낚시를 할 수도 있다네!
	아무튼 나는 꼭 필요한 존재가 아닌가 싶다네!!
(능력치에 따라 배를 만드는 일률이 달라집니다)</SelectPopup>
  </Wallet>
  <Wallet>
    <SelectPopup>꺼억~... 어이구 미안해요~ 이 배가 음식을 잘하네 하지만 소금을 조금 더 넣고 설탕을 덜 넣으면 더 맛있을 텐데..
그래도 맛있엇어.  하지만 알지요? 내 요리가 세계 최고인 것? 하하핫
(능력치에 따라 만든 요리의 포만감 회복량이 달라집니다)</SelectPopup>
  </Wallet>
  <Wallet>
    <SelectPopup>이 배는 왜 이렇게 흔들리는 거야! 낚시를 할 수가 없잖아!! 오늘은 거대한 상어 한 마리 걸릴 것 같은 기분이군!!
나로 말할 것 같으면 낚시 TV, 잡지에 매달 나오는 실력자라고!!
(능력치에 따라 잡을 수 있는 물고기의 양이 달라집니다)</SelectPopup>
  </Wallet>
  <Wallet>
    <SelectPopup>벌써 내 자식들이 커서 나를 이렇게 크루즈 여행을 보내주다니... 그나저나 오늘 동네에는 비가 온다던 데 작물들은 문제없겠지?
여러분이 먹는 모든 것이 농부의 땀의 결실입니다.
(능력치에 따라 한번에 심을 수 있는 씨앗의 양, 추수양이 달라집니다)</SelectPopup>
  </Wallet>
  <Wallet>
    <SelectPopup>천이백하나... 천이백둘... 천... ??! 운동중이어서 인기척도 못 알아챘군.
나로 말할 것 같으면 우리나라에 있는 아파트의 반은 내가 지었다고 할 수 있지
(능력치에 따라 배를 만드는 일률이 달라집니다)</SelectPopup>
  </Wallet>
  <Wallet>
    <SelectPopup>에... 여보세요? 잘 안들리세요? 잠시만요... 
(뚝딱뚝딱) 여보세요? 아 이제 들리시죠?
(능력치에 따라 통신장치를 만드는 일률이 달라집니다)</SelectPopup>
  </Wallet>
  <Wallet>
    <SelectPopup>저는 군인입니다. 저는 명령에 따라 움직입니다. 군인에게 실패와 포기란 없습니다.
뭐든 시켜주시면 임무를 완수하겠습니다.
(능력치에 따라 모든 능력치가 달라집니다. 군인은 전문적인 능력치가 없습니다)</SelectPopup>
  </Wallet>
  <Wallet>
    <SelectPopup>아니?! 이 환자는?!! 큰일났어요... 심각하군요....
감기입니다 &gt;_&lt; . 제가 감기약을 드릴테니 드시면 됩니다 데헷&gt;&lt;
(능력치에 따라 만든 약의 효능이 달라집니다)</SelectPopup>
  </Wallet>
  <Wallet>
    <SelectPopup>으할할할핥!!!! 매일 산에만 있다보니 바다는 처음이고만!! 바다도 별게 없네 이참에 해적이나 해볼까?
그래도 육지에서의 나는 최고지!! 안그렇나? 으할할할할할핥!!!!
(능력치에 따라 동물을 사냥할 확률이 달라집니다)</SelectPopup>
  </Wallet>
  <Wallet>
    <SelectPopup>지금까지 제가 초상화를 그려준 사람들은 모두 만족하고 행복해했습니다.
제 그림에는 무언가 사람의 기분을 좋게 만드는 힘을 가지고 있습니다.
(능력치에 따라 그림을 그려줬을 시 그 직업의 능력치 증가량이 달라집니다)</SelectPopup>
  </Wallet>
  <Wallet>
    <SelectPopup>내 음악을 들으면 모두가 기분이 좋아져~ 연주하는 나까지도 기분이 좋다니깐?
안들어봤으면 들어보고 말해!
(능력치에 따라 음악을 연주했을 시 직업들의 능력치 증가량이 달라집니다)</SelectPopup>
  </Wallet>
  <Wallet>
    <SelectPopup> ....대체 왜 내 마법이 나가지 않는거지...? 다시 수련해야하는 것인가....
하지만 괜찮아, 수련만하게되면 내 마법은 우주최강이니까!!!
(능력치에 따라 수련시 얻는 마법포인트(sp)가 달라집니다)</SelectPopup>
  </Wallet>
</Money>