﻿<?xml version="1.0" encoding="utf-8" standalone="yes"?>
<WhenEndDay>
  <DayWork>
    <Name>집 짓기</Name>
    <first>얼른 집을 지어서 편하게 자고 싶어. 밖에서 자다보니 자고 일어나도 기분이 좋지 않아</first>
    <second>
    </second>
    <third>집에서 자고 일어나면 일을 더 잘할 것 같은데... 언제쯤 완성되나?</third>
  </DayWork>
  <DayWork>
    <Name>배 만들기</Name>
    <first>집이 완성되면 머리만 닿아도 곯아떨어질 수 있을 것 같군!</first>
    <second>얼른 배를 만들어야겠어 낚시를 하거나 탈출을 시도할 수 있을테니 말이야</second>
    <third>배가 거의 완성되어가고 있어. 재료가 남아있나..?</third>
  </DayWork>
  <DayWork>
    <Name>옷 만들기</Name>
    <first>배를 타고 낚시를 하면 물고기가 더 많이 잡힐 것 같은데 말야... 벌써부터 침이 고이는 구만!</first>
    <second>옷이 없어서 그런지 사람들이 잔병에 많이 걸리는 것 같아</second>
    <third>옷을 얼른 만들지 않으면 큰 병에 걸려서 약이 많이 필요하게 될거야</third>
  </DayWork>
  <DayWork>
    <Name>통신장치 만들기</Name>
    <first>병에 걸리지 않으려면 청결이 최우선이지! 얼른 옷을 입혀달라고!</first>
    <second>통신이 될지 안될지는 모르겠지만 일단 시도는 해봐야지! 내일도 서둘러야겠어</second>
    <third>조금만 더 진행하면 완성이 되겠어.. </third>
  </DayWork>
  <DayWork>
    <Name>농사</Name>
    <first>완성이 되면 뭐라고 구조요청을 해야 사람들이 믿어줄까...</first>
    <second>사람은 밥을 먹고 지내야지! 얼른얼른 자라다오!</second>
    <third>추수를 할 때 씨앗을 다시 수거해야지! 썩은 것이 적었으면 좋겠다!</third>
  </DayWork>
  <DayBasic>
    <State>배고픔</State>
    <firstHungry>뭐라도 먹지않으면 기운이 빠질 것 같아</firstHungry>
    <secondHungry>아직까지는 버틸만해..</secondHungry>
    <thirdHungry>배가 부르니 내일도 힘이 날 것 같군!</thirdHungry>
  </DayBasic>
  <DayBasic>
    <State>목마름</State>
    <firstThirsty>목이 너무 말라... 물... 물을 마셔야해</firstThirsty>
    <secondThirsty>물은 한번 마시면 오래동안 괜찮아지니 아껴 마셔야할 것 같아.</secondThirsty>
  </DayBasic>
  <DayBasic>
    <State>병</State>
    <firstSick>얼른 약을 먹어야 해. 이런 오지에서 걸린 병은 낫기가 힘들다고..</firstSick>
    <secondSick>약을 잘 만드는 사람의 약을 먹어야 잘 나을 텐데...</secondSick>
  </DayBasic>
  <TimeMachine>
    <Name>제대로 만들고 있는게 맞나?</Name>
  </TimeMachine>
  <TimeMachine>
    <Name>... 내가 설계했던 것과는 다른 결과물이 나올 것 같아.. 좋은 걸까?</Name>
  </TimeMachine>
</WhenEndDay>