[{"Name":1,"MainStat":30,"SubStat":20,"EtcStat":10,"Form":"\uC65C\uC18C"},{"Name":2,"MainStat":30,"SubStat":20,"EtcStat":10,"Form":"\uBCF4\uD1B5"},{"Name":3,"MainStat":30,"SubStat":20,"EtcStat":10,"Form":"\uBE44\uB9CC"},{"Name":4,"MainStat":30,"SubStat":20,"EtcStat":10,"Form":"\uBE44\uB9CC"},{"Name":5,"MainStat":30,"SubStat":20,"EtcStat":10,"Form":"\uBE44\uB9CC"},{"Name":6,"MainStat":30,"SubStat":20,"EtcStat":10,"Form":"\uBCF4\uD1B5"},{"Name":7,"MainStat":30,"SubStat":20,"EtcStat":10,"Form":"\uC65C\uC18C"},{"Name":8,"MainStat":20,"SubStat":20,"EtcStat":20,"Form":"\uBCF4\uD1B5"},{"Name":9,"MainStat":30,"SubStat":20,"EtcStat":10,"Form":"\uC65C\uC18C"},{"Name":10,"MainStat":30,"SubStat":20,"EtcStat":10,"Form":"\uBCF4\uD1B5"},{"Name":11,"MainStat":30,"SubStat":20,"EtcStat":10,"Form":"\uBCF4\uD1B5"},{"Name":12,"MainStat":30,"SubStat":20,"EtcStat":10,"Form":"\uBCF4\uD1B5"},{"Name":13,"MainStat":30,"SubStat":20,"EtcStat":10,"Form":"\uBCF4\uD1B5"}]