[{"Count":0},{"Count":70},{"Count":0},{"Count":0},{"Count":0},{"Count":0},{"Count":0},{"Count":0},{"Count":67},{"Count":0},{"Count":0},{"Count":0},{"Count":0},{"Count":0},{"Count":0},{"Count":67},{"Count":0},{"Count":0},{"Count":0},{"Count":0},{"Count":0},{"Count":0},{"Count":67},{"Count":0},{"Count":0},{"Count":0},{"Count":0},{"Count":0},{"Count":0},{"Count":70},{"Count":0},{"Count":0},{"Count":0},{"Count":0},{"Count":0},{"Count":0},{"Count":67},{"Count":0},{"Count":0},{"Count":0},{"Count":0},{"Count":0},{"Count":0},{"Count":67},{"Count":0},{"Count":0},{"Count":0},{"Count":0},{"Count":0},{"Count":0},{"Count":67},{"Count":0},{"Count":0},{"Count":0},{"Count":0},{"Count":0}]