[{"Count":0},{"Count":1138},{"Count":0},{"Count":0},{"Count":0},{"Count":0},{"Count":0},{"Count":0},{"Count":0},{"Count":0},{"Count":0},{"Count":0},{"Count":0},{"Count":0},{"Count":0},{"Count":0},{"Count":0},{"Count":0},{"Count":0},{"Count":0},{"Count":0},{"Count":0},{"Count":0},{"Count":0},{"Count":0},{"Count":0},{"Count":0},{"Count":0},{"Count":1135},{"Count":0},{"Count":0},{"Count":0},{"Count":0},{"Count":0},{"Count":0},{"Count":0},{"Count":0},{"Count":0},{"Count":0},{"Count":0},{"Count":0},{"Count":0},{"Count":0},{"Count":0},{"Count":0},{"Count":0},{"Count":0},{"Count":0},{"Count":0},{"Count":0},{"Count":0},{"Count":0},{"Count":0},{"Count":0},{"Count":0},{"Count":1135},{"Count":0},{"Count":0},{"Count":0},{"Count":0},{"Count":0},{"Count":0},{"Count":0},{"Count":0},{"Count":0},{"Count":0},{"Count":0},{"Count":0},{"Count":0},{"Count":0},{"Count":0},{"Count":0},{"Count":0},{"Count":0},{"Count":0},{"Count":0},{"Count":0},{"Count":0},{"Count":0},{"Count":0},{"Count":0},{"Count":0},{"Count":1135},{"Count":0},{"Count":0},{"Count":0},{"Count":0},{"Count":0},{"Count":0},{"Count":0},{"Count":0},{"Count":0},{"Count":0},{"Count":0},{"Count":0},{"Count":0},{"Count":0},{"Count":0},{"Count":0},{"Count":0},{"Count":0},{"Count":0},{"Count":0},{"Count":0},{"Count":0},{"Count":0},{"Count":0},{"Count":0},{"Count":0},{"Count":1138},{"Count":0},{"Count":0},{"Count":0},{"Count":0},{"Count":0},{"Count":0},{"Count":0},{"Count":0},{"Count":0},{"Count":0},{"Count":0},{"Count":0},{"Count":0},{"Count":0},{"Count":0},{"Count":0},{"Count":0},{"Count":0},{"Count":0},{"Count":0},{"Count":0},{"Count":0},{"Count":0},{"Count":0},{"Count":0},{"Count":0},{"Count":1135},{"Count":0},{"Count":0},{"Count":0},{"Count":0},{"Count":0},{"Count":0},{"Count":0},{"Count":0},{"Count":0},{"Count":0},{"Count":0},{"Count":0},{"Count":0},{"Count":0},{"Count":0},{"Count":0},{"Count":0},{"Count":0},{"Count":0},{"Count":0},{"Count":0},{"Count":0},{"Count":0},{"Count":0},{"Count":0},{"Count":0},{"Count":1135},{"Count":0},{"Count":0},{"Count":0},{"Count":0},{"Count":0},{"Count":0},{"Count":0},{"Count":0},{"Count":0},{"Count":0},{"Count":0},{"Count":0},{"Count":0},{"Count":0},{"Count":0},{"Count":0},{"Count":0},{"Count":0},{"Count":0},{"Count":0},{"Count":0},{"Count":0},{"Count":0},{"Count":0},{"Count":0},{"Count":0},{"Count":1135},{"Count":0},{"Count":0},{"Count":0},{"Count":0},{"Count":0},{"Count":0},{"Count":0},{"Count":0},{"Count":0},{"Count":0},{"Count":0},{"Count":0},{"Count":0},{"Count":0},{"Count":0},{"Count":0},{"Count":0},{"Count":0},{"Count":0},{"Count":0},{"Count":0},{"Count":0},{"Count":0},{"Count":0},{"Count":0}]