﻿<?xml version="1.0" encoding="utf-8" standalone="yes"?>
<CharacterInfo>
  <Character>
    <Name>1</Name>
    <MainStat>30</MainStat>
    <SubStat>20</SubStat>
    <EtcStat>10</EtcStat>
    <Form>왜소</Form>
  </Character>
  <Character>
    <Name>2</Name>
    <MainStat>30</MainStat>
    <SubStat>20</SubStat>
    <EtcStat>10</EtcStat>
    <Form>보통</Form>
  </Character>
  <Character>
    <Name>3</Name>
    <MainStat>30</MainStat>
    <SubStat>20</SubStat>
    <EtcStat>10</EtcStat>
    <Form>비만</Form>
  </Character>
  <Character>
    <Name>4</Name>
    <MainStat>30</MainStat>
    <SubStat>20</SubStat>
    <EtcStat>10</EtcStat>
    <Form>비만</Form>
  </Character>
  <Character>
    <Name>5</Name>
    <MainStat>30</MainStat>
    <SubStat>20</SubStat>
    <EtcStat>10</EtcStat>
    <Form>비만</Form>
  </Character>
  <Character>
    <Name>6</Name>
    <MainStat>30</MainStat>
    <SubStat>20</SubStat>
    <EtcStat>10</EtcStat>
    <Form>보통</Form>
  </Character>
  <Character>
    <Name>7</Name>
    <MainStat>30</MainStat>
    <SubStat>20</SubStat>
    <EtcStat>10</EtcStat>
    <Form>왜소</Form>
  </Character>
  <Character>
    <Name>8</Name>
    <MainStat>20</MainStat>
    <SubStat>20</SubStat>
    <EtcStat>20</EtcStat>
    <Form>보통</Form>
  </Character>
  <Character>
    <Name>9</Name>
    <MainStat>30</MainStat>
    <SubStat>20</SubStat>
    <EtcStat>10</EtcStat>
    <Form>왜소</Form>
  </Character>
  <Character>
    <Name>10</Name>
    <MainStat>30</MainStat>
    <SubStat>20</SubStat>
    <EtcStat>10</EtcStat>
    <Form>보통</Form>
  </Character>
  <Character>
    <Name>11</Name>
    <MainStat>30</MainStat>
    <SubStat>20</SubStat>
    <EtcStat>10</EtcStat>
    <Form>보통</Form>
  </Character>
  <Character>
    <Name>12</Name>
    <MainStat>30</MainStat>
    <SubStat>20</SubStat>
    <EtcStat>10</EtcStat>
    <Form>보통</Form>
  </Character>
  <Character>
    <Name>13</Name>
    <MainStat>30</MainStat>
    <SubStat>20</SubStat>
    <EtcStat>10</EtcStat>
    <Form>보통</Form>
  </Character>
</CharacterInfo>