[{"Recovery":0,"Count":0},{"Recovery":0,"Count":0},{"Recovery":0,"Count":0},{"Recovery":0,"Count":0},{"Recovery":0,"Count":0},{"Recovery":0,"Count":0},{"Recovery":0,"Count":0},{"Recovery":0,"Count":0},{"Recovery":0,"Count":0},{"Recovery":0,"Count":0},{"Recovery":0,"Count":0},{"Recovery":0,"Count":0},{"Recovery":0,"Count":0},{"Recovery":0,"Count":0},{"Recovery":0,"Count":0},{"Recovery":0,"Count":0},{"Recovery":0,"Count":0},{"Recovery":0,"Count":0},{"Recovery":0,"Count":0},{"Recovery":0,"Count":0},{"Recovery":0,"Count":0},{"Recovery":0,"Count":0},{"Recovery":0,"Count":0},{"Recovery":0,"Count":0},{"Recovery":0,"Count":0},{"Recovery":0,"Count":0},{"Recovery":0,"Count":0},{"Recovery":0,"Count":0},{"Recovery":0,"Count":0},{"Recovery":0,"Count":0},{"Recovery":0,"Count":0},{"Recovery":0,"Count":0},{"Recovery":0,"Count":0},{"Recovery":0,"Count":0},{"Recovery":0,"Count":0},{"Recovery":0,"Count":0},{"Recovery":0,"Count":0},{"Recovery":0,"Count":0},{"Recovery":0,"Count":0},{"Recovery":0,"Count":0},{"Recovery":0,"Count":0},{"Recovery":0,"Count":0},{"Recovery":0,"Count":0},{"Recovery":0,"Count":0},{"Recovery":0,"Count":0},{"Recovery":0,"Count":0},{"Recovery":0,"Count":0},{"Recovery":0,"Count":0},{"Recovery":0,"Count":0},{"Recovery":0,"Count":0},{"Recovery":0,"Count":0},{"Recovery":0,"Count":0},{"Recovery":0,"Count":0},{"Recovery":0,"Count":0},{"Recovery":0,"Count":0},{"Recovery":0,"Count":0},{"Recovery":0,"Count":0},{"Recovery":0,"Count":0},{"Recovery":0,"Count":0},{"Recovery":0,"Count":0},{"Recovery":0,"Count":0},{"Recovery":0,"Count":0},{"Recovery":0,"Count":0},{"Recovery":0,"Count":0},{"Recovery":0,"Count":0},{"Recovery":0,"Count":0},{"Recovery":0,"Count":0},{"Recovery":0,"Count":0},{"Recovery":0,"Count":0},{"Recovery":0,"Count":0},{"Recovery":0,"Count":0},{"Recovery":0,"Count":0},{"Recovery":0,"Count":0},{"Recovery":0,"Count":0},{"Recovery":0,"Count":0},{"Recovery":0,"Count":0},{"Recovery":0,"Count":0},{"Recovery":0,"Count":0},{"Recovery":0,"Count":0},{"Recovery":0,"Count":0},{"Recovery":0,"Count":0},{"Recovery":0,"Count":0},{"Recovery":0,"Count":0},{"Recovery":0,"Count":0},{"Recovery":0,"Count":0},{"Recovery":0,"Count":0},{"Recovery":0,"Count":0},{"Recovery":0,"Count":0},{"Recovery":0,"Count":0},{"Recovery":0,"Count":0},{"Recovery":0,"Count":0},{"Recovery":0,"Count":0},{"Recovery":0,"Count":0},{"Recovery":0,"Count":0},{"Recovery":0,"Count":0},{"Recovery":0,"Count":0},{"Recovery":0,"Count":0},{"Recovery":0,"Count":0},{"Recovery":0,"Count":0},{"Recovery":0,"Count":0},{"Recovery":0,"Count":0},{"Recovery":0,"Count":0},{"Recovery":0,"Count":0},{"Recovery":0,"Count":0},{"Recovery":0,"Count":0},{"Recovery":0,"Count":0},{"Recovery":0,"Count":0},{"Recovery":0,"Count":0},{"Recovery":0,"Count":0},{"Recovery":0,"Count":0},{"Recovery":0,"Count":0},{"Recovery":0,"Count":0},{"Recovery":0,"Count":0},{"Recovery":0,"Count":0},{"Recovery":0,"Count":0},{"Recovery":0,"Count":0},{"Recovery":0,"Count":0},{"Recovery":0,"Count":0},{"Recovery":0,"Count":0},{"Recovery":0,"Count":0},{"Recovery":0,"Count":0},{"Recovery":0,"Count":0},{"Recovery":0,"Count":0},{"Recovery":0,"Count":0},{"Recovery":0,"Count":0},{"Recovery":0,"Count":0},{"Recovery":0,"Count":0},{"Recovery":0,"Count":0},{"Recovery":0,"Count":0},{"Recovery":0,"Count":0},{"Recovery":0,"Count":0},{"Recovery":0,"Count":0},{"Recovery":0,"Count":0},{"Recovery":0,"Count":0},{"Recovery":0,"Count":0},{"Recovery":0,"Count":0},{"Recovery":0,"Count":0},{"Recovery":0,"Count":0},{"Recovery":0,"Count":0},{"Recovery":0,"Count":0},{"Recovery":0,"Count":0},{"Recovery":0,"Count":0},{"Recovery":0,"Count":0},{"Recovery":0,"Count":0},{"Recovery":0,"Count":0},{"Recovery":0,"Count":0},{"Recovery":0,"Count":0},{"Recovery":0,"Count":0},{"Recovery":0,"Count":0},{"Recovery":0,"Count":0},{"Recovery":0,"Count":0},{"Recovery":0,"Count":0},{"Recovery":0,"Count":0},{"Recovery":0,"Count":0},{"Recovery":0,"Count":0},{"Recovery":0,"Count":0},{"Recovery":0,"Count":0},{"Recovery":0,"Count":0},{"Recovery":0,"Count":0},{"Recovery":0,"Count":0},{"Recovery":0,"Count":0},{"Recovery":0,"Count":0},{"Recovery":0,"Count":0},{"Recovery":0,"Count":0},{"Recovery":0,"Count":0},{"Recovery":0,"Count":0},{"Recovery":0,"Count":0},{"Recovery":0,"Count":0},{"Recovery":0,"Count":0},{"Recovery":0,"Count":0},{"Recovery":0,"Count":0},{"Recovery":0,"Count":0},{"Recovery":0,"Count":0},{"Recovery":0,"Count":0},{"Recovery":0,"Count":0},{"Recovery":0,"Count":0},{"Recovery":0,"Count":0},{"Recovery":0,"Count":0},{"Recovery":0,"Count":0},{"Recovery":0,"Count":0},{"Recovery":0,"Count":0},{"Recovery":0,"Count":0},{"Recovery":0,"Count":0},{"Recovery":0,"Count":0},{"Recovery":0,"Count":0},{"Recovery":0,"Count":0},{"Recovery":0,"Count":0},{"Recovery":0,"Count":0},{"Recovery":0,"Count":0},{"Recovery":0,"Count":0},{"Recovery":0,"Count":0},{"Recovery":0,"Count":0},{"Recovery":0,"Count":0},{"Recovery":0,"Count":0},{"Recovery":0,"Count":0},{"Recovery":0,"Count":0},{"Recovery":0,"Count":0},{"Recovery":0,"Count":0},{"Recovery":0,"Count":0},{"Recovery":0,"Count":0},{"Recovery":0,"Count":0},{"Recovery":0,"Count":0},{"Recovery":0,"Count":0},{"Recovery":0,"Count":0}]